Phase,epoch,iteration,loss_gan_rt,loss_gan_tr,loss_registration_rt,loss_registration_tr,loss_registration_smoothness,loss_G,loss_D,loss,time_duration (s)
Train,0,1,0.9934905767440796,0.9934905767440796,0.12027814984321594,0.12027814984321594,1.7169855896217653e-14,2.2275373935699463,0.4998904764652252,2.7274278700351715,
Train,0,2,0.4164976477622986,0.41647857427597046,0.15297234058380127,0.15297295153141022,2.032319798561666e-11,1.1389214992523193,0.41696876287460327,1.5558902621269226,
Train,0,3,0.4357682466506958,0.4357679486274719,0.11814605444669724,0.11814606934785843,1.129753625719876e-12,1.1078282594680786,0.46865761280059814,1.5764858722686768,
Train,0,4,0.6565072536468506,0.6565072536468506,0.10793886333703995,0.10793869942426682,5.267000377506825e-12,1.5288920402526855,0.34012091159820557,1.8690129518508911,
Train,0,5,0.6882045865058899,0.6882047653198242,0.11725520342588425,0.11725526303052902,5.2648176616931774e-12,1.610919713973999,0.39173659682273865,2.0026563107967377,
Train,0,6,0.470425009727478,0.47042638063430786,0.11349797993898392,0.11349787563085556,1.5520116442013787e-11,1.1678472757339478,0.36951595544815063,1.5373632311820984,
Train,0,7,0.4152357876300812,0.4152369201183319,0.11825887858867645,0.11825896054506302,1.793477866218751e-11,1.0669904947280884,0.3373509645462036,1.404341459274292,
